"title","price","savings","rating","reviews","score","url","sponsored","discounted","before_discount","asin"
"PodSkinz AirPods 2 & 1 Case [Front LED Visible] Protective Silicone Cover and Skin Compatible with Apple AirPods (Black)","7.95",0,4.4,3681,"16196.40","https://www.amazon.com/gp/slredirect/picassoRedirect.html/ref=pa_sp_atf_aps_sr_pg1_1?ie=UTF8&adId=A08783281QT9BGEOJ0DMW&url=%2FPodSkinz-AirPods-Protective-Silicone-Charging%2Fdp%2FB01MYBEYE8%2Fref%3Dsr_1_1_sspa%3Fkeywords%3DAirpod%2BCase%26qid%3D1571311741%26sr%3D8-1-spons%26psc%3D1&qualifier=1571311741&id=3711826441586601&widgetName=sp_atf",false,false,,"B01MYBEYE8"
"Bqmte Newest 2019 AirPods Case [Front LED Visible] Soft Silicone Protective AirPods Accessories Cover Compatible for AirPods 2 Wireless Charging Case (Black)","6.99",0,4.4,35,"154.00","https://www.amazon.com/gp/slredirect/picassoRedirect.html/ref=pa_sp_atf_aps_sr_pg1_2?ie=UTF8&adId=A09301542EU0AK4Q438N8&url=%2FBqmte-Silicone-Protective-Accessories-Compatible%2Fdp%2FB07SM8WNZY%2Fref%3Dsr_1_2_sspa%3Fkeywords%3DAirpod%2BCase%26qid%3D1571311741%26sr%3D8-2-spons%26psc%3D1&qualifier=1571311741&id=3711826441586601&widgetName=sp_atf",false,false,,"B07SM8WNZY"
"AirPods Case,SATLITOG Protective Silicone Cover Compatible with Apple AirPods 2 and 1(Not for Wireless Charging Case)(Light Purple)","7.95",0,4.6,1724,"7930.40","https://www.amazon.com/SATLITOG-Protective-Silicone-Compatiable-Wireless/dp/B07NTZ3HB9/ref=sr_1_3?keywords=Airpod+Case&qid=1571311741&sr=8-3",false,false,,"B07NTZ3HB9"
"AhaStyle Upgrade AirPods Case Protective Cover (Front LED Visible) Silicone Compatible with Apple AirPods 2 and 1（Black）","8.99",0,4.5,2330,"10485.00","https://www.amazon.com/AhaStyle-Silicone-Protective-Keychain-AirPods/dp/B077187F2R/ref=sr_1_4?keywords=Airpod+Case&qid=1571311741&sr=8-4",false,false,,"B077187F2R"
"Airpods Case, Filoto Airpod Case Cover for Apple Airpods 2&1 Charging Case, Burgundy Cute Air Pods Silicone Protective Case with Airpod Accessories Keychain/Skin/Pompom/Strap 2019 Autumn New, Burgundy","8.99",0,4.6,1857,"8542.20","https://www.amazon.com/Airpods-Case-Silicone-Keychain-Burgundy/dp/B07JHL2T8X/ref=sr_1_5?keywords=Airpod+Case&qid=1571311741&sr=8-5",false,false,,"B07JHL2T8X"
"Compatible AirPods Case Cover Silicone Protective Skin for Apple Airpod Case 2&1 (2 Pack) Sand Pink/Turquoise","7.99",0,4.9,3647,"17870.30","https://www.amazon.com/Compatible-AirPods-Silicone-Protective-Turquoise/dp/B07S6826VW/ref=sr_1_6?keywords=Airpod+Case&qid=1571311741&sr=8-6",false,false,,"B07S6826VW"
"Airpods Case, Music tracker Protective Thicken Airpods Cover Soft Silicone Chargeable Headphone Case with Anti-Lost Carabiner for Apple Airpods 1&2 Charging Case (Burgundy)","4.88",4.1000000000000005,4.5,1510,"6795.00","https://www.amazon.com/Protective-Chargeable-Headphone-Anti-Lost-Carabiner/dp/B07KLZGCWZ/ref=sr_1_8?keywords=Airpod+Case&qid=1571311741&sr=8-8",false,true,"8.98","B07KLZGCWZ"
"ZALU Compatible for AirPods Case with Keychain, Shockproof Protective Premium Silicone Cover Skin for AirPods Charging Case 2 & 1 (AirPods 1, Pink)","5.95",0,4.3,982,"4222.60","https://www.amazon.com/ZALU-Keychain-Shockproof-Protective-Silicone/dp/B07DH3HY4V/ref=sr_1_9?keywords=Airpod+Case&qid=1571311741&sr=8-9",false,false,,"B07DH3HY4V"
"Airpods Case Protective Silicone Cover and AirPods Accessories Case Skin Compatible with Apple AirPods 2 and 1","11.49",3.5,4.1,71,"291.10","https://www.amazon.com/Airpods-Protective-Silicone-Accessories-Compatible/dp/B07VLTSVKC/ref=sr_1_10?keywords=Airpod+Case&qid=1571311741&sr=8-10",false,true,"14.99","B07VLTSVKC"
"AirPods Case,BRG Soft Cute Silicone Cover for Apple Airpods 2 & 1 Cases with Pom Pom Fur Ball Keychain/Strap/Earbuds Accessories (Front LED Visible)","6.99",0,4.8,908,"4358.40","https://www.amazon.com/gp/slredirect/picassoRedirect.html/ref=pa_sp_mtf_aps_sr_pg1_1?ie=UTF8&adId=A07426221B7Y5KWQJOQI1&url=%2FAirPods-BRG-Silicone-Keychain-Accessories%2Fdp%2FB07TYHZX6V%2Fref%3Dsr_1_11_sspa%3Fkeywords%3DAirpod%2BCase%26qid%3D1571311741%26sr%3D8-11-spons%26psc%3D1&qualifier=1571311741&id=3711826441586601&widgetName=sp_mtf",false,false,,"B07TYHZX6V"
"Xmifer AirPods Case, Cute Airpods Case Keychain Drop Proof (Silicone Skin for AirPods Charging Case 2/1) with Fluffy Fur Ball Keychain and Airpods Anti-Lost Strap for Airpods 2/1(Wine)","7.99",0,4.6,297,"1366.20","https://www.amazon.com/gp/slredirect/picassoRedirect.html/ref=pa_sp_mtf_aps_sr_pg1_2?ie=UTF8&adId=A008712625VFRQEHFEUKH&url=%2FODUMDUM-Keychain-Silicone-Charging-Anti-Lost%2Fdp%2FB07K8NV9WR%2Fref%3Dsr_1_12_sspa%3Fkeywords%3DAirpod%2BCase%26qid%3D1571311741%26sr%3D8-12-spons%26psc%3D1&qualifier=1571311741&id=3711826441586601&widgetName=sp_mtf",false,false,,"B07K8NV9WR"
"amasing AirPods Case 7 in 1 Airpods Accessories Kits Protective Silicone Cover for Airpod(Front led Not Visible) with Ear Hook Grips/Airpods Staps/Clips/Skin/Tips/Grips Blcak","5.97",0,4.3,3507,"15080.10","https://www.amazon.com/amasing-Airpods-Accessories-Protective-Silicone/dp/B078YY83Z5/ref=sr_1_13?keywords=Airpod+Case&qid=1571311741&sr=8-13",false,false,,"B078YY83Z5"
"EYEKOP AirPods Case, Premium Ultra-Thin Soft Skin Cover Compatible with Apple AirPods 2 & 1 - Mint Green","6.05",0,4.4,206,"906.40","https://www.amazon.com/EYEKOP-AirPods-Premium-Ultra-Thin-Compatible/dp/B07QQWPB6Z/ref=sr_1_14?keywords=Airpod+Case&qid=1571311741&sr=8-14",false,false,,"B07QQWPB6Z"
"Airpods Case, Airpod Silicone Skin Cases Cover by Camyse, Full Protective Durable Shockproof Drop Proof with Keychain Compatible with Apple Airpods 2 & 1 Charging Case,Airpods Accesssories (Yellow)","6.95",0,4,291,"1164.00","https://www.amazon.com/Camyse-Protective-Shockproof-Compatible-Airpods-Accesssories/dp/B07PKW486L/ref=sr_1_15?keywords=Airpod+Case&qid=1571311741&sr=8-15",false,false,,"B07PKW486L"
"Mulafnxal Compatible with Airpods 1&2 Case,Cute Cartoon Character Silicone Air pod Funny Cover,Kawaii Fun Cool Keychain Design Skin,Fashion Cases for Girls Kids Teens Boys Airpods(3D Blue Stitch)","10.99",2,4.8,110,"528.00","https://www.amazon.com/Mulafnxal-Compatible-Character-Silicone-Keychain/dp/B07SCPF1F1/ref=sr_1_16?keywords=Airpod+Case&qid=1571311741&sr=8-16",false,true,"12.99","B07SCPF1F1"
"Newest 2019 AirPods Case, Full Protective Silicone AirPods Accessories Cover Compatible with Apple AirPods Wireless and Wired Charging Case(Front LED Visible)","7.99",0,4.8,461,"2212.80","https://www.amazon.com/Protective-Silicone-Accessories-Compatible-Wireless/dp/B07RLVXV5B/ref=sr_1_17?keywords=Airpod+Case&qid=1571311741&sr=8-17",false,false,,"B07RLVXV5B"
"AirPods Case - BLUEWIND 2019 Newest 360° Protective Silicone AirPod Case Cover Compatiable with Apple AirPods 1st/2nd","11.99",0,4.6,260,"1196.00","https://www.amazon.com/AirPods-Case-BLUEWIND-Protective-Compatiable/dp/B07R8LZ8GT/ref=sr_1_18?keywords=Airpod+Case&qid=1571311741&sr=8-18",false,false,,"B07R8LZ8GT"
"MICOK Compatible Airpods Case, Waterproof Airpods Cover, Shock Resistant Silicone Airpods Case Cover and Skin with Keychain for Airpods 1 & 2 [Not for Wireless Charging Case] , Airpods Accesssories","11.99",0,4.2,286,"1201.20","https://www.amazon.com/MICOK-Compatible-Waterproof-Resistant-Accesssories/dp/B07MCH7XTH/ref=sr_1_19?keywords=Airpod+Case&qid=1571311741&sr=8-19",false,false,,"B07MCH7XTH"
"Bqmte Silicone Case Compatible for AirPods, [Front LED Visible] Tassel Keychain Accessories Cute Glittery Protective Case Cover for AirPods 2 & 1 (Glittery White)","7.99",0,4.5,61,"274.50","https://www.amazon.com/gp/slredirect/picassoRedirect.html/ref=pa_sp_btf_aps_sr_pg1_1?ie=UTF8&adId=A05400272HNYOXOJFNQC0&url=%2FSilicone-Compatible-AirPods-Accessories-Protective%2Fdp%2FB07R53FZLS%2Fref%3Dsr_1_21_sspa%3Fkeywords%3DAirpod%2BCase%26qid%3D1571311741%26sr%3D8-21-spons%26psc%3D1&qualifier=1571311741&id=3711826441586601&widgetName=sp_btf",false,false,,"B07R53FZLS"
"for Airpods Case, CTYBB Silicone Airpods Case Cover with Fur Ball Keychain Compatible with Apple Airpods 2/1 (Front LED Visible) (Light Purple)","6.99",0,4.8,267,"1281.60","https://www.amazon.com/gp/slredirect/picassoRedirect.html/ref=pa_sp_btf_aps_sr_pg1_2?ie=UTF8&adId=A010319422PV6BRFV39XS&url=%2FAirpods-CTYBB-Silicone-Keychain-Compatible%2Fdp%2FB07VVB347J%2Fref%3Dsr_1_22_sspa%3Fkeywords%3DAirpod%2BCase%26qid%3D1571311741%26sr%3D8-22-spons%26psc%3D1&qualifier=1571311741&id=3711826441586601&widgetName=sp_btf",false,false,,"B07VVB347J"
"Spigen Urban Fit Designed for Apple Airpods Case Cover for Airpods 1 & 2 [LED Light Visible] - Black","29.99",0,5,1,"5.00","https://www.amazon.com/gp/slredirect/picassoRedirect.html/ref=pa_sp_atf_next_aps_sr_pg2_1?ie=UTF8&adId=A01092443OJKCG7IOQLVN&url=%2FSpigen-Urban-Designed-Airpods-Visible%2Fdp%2FB07X44LSZG%2Fref%3Dsr_1_17_sspa%3Fkeywords%3DAirpod%2BCase%26qid%3D1571311743%26sr%3D8-17-spons%26psc%3D1&qualifier=1571311743&id=8842203360931725&widgetName=sp_atf_next",false,false,,"B07X44LSZG"
"ULAK AirPods Case, Marble Protective Hard PC with PU Leather Upgrade Skin, Portable Shockproof AirPod Accessories with Keychain for Apple AirPod 2&1 Charging Case(2019)[LED Visible](WhiteMarble)","12.99",0,3.5,53,"185.50","https://www.amazon.com/gp/slredirect/picassoRedirect.html/ref=pa_sp_atf_next_aps_sr_pg2_2?ie=UTF8&adId=A027909420W5QH5292GR9&url=%2FULAK-Protective-Shockproof-Accessories-WhiteMarble%2Fdp%2FB07QKJT9N2%2Fref%3Dsr_1_18_sspa%3Fkeywords%3DAirpod%2BCase%26qid%3D1571311743%26sr%3D8-18-spons%26psc%3D1&qualifier=1571311743&id=8842203360931725&widgetName=sp_atf_next",false,false,,"B07QKJT9N2"
"Airpods Case - Airspo 7 in 1 Airpods Accessories Set Compatible with Airpods 1 & 2 Protective Silicone Cover Floral Print Cute Case (Black+Rose)","12.99",0,4.7,448,"2105.60","https://www.amazon.com/Airpods-Case-Accessories-Compatible-Protective/dp/B07P3GT49V/ref=sr_1_19?keywords=Airpod+Case&qid=1571311743&sr=8-19",false,false,,"B07P3GT49V"
"Gemfits Case Compatible with Airpods 1&2, Leather Luxury Classic Elegant Character Design Cover, Girls Ladies Men Women Stylish Fashion Chic Cool Designer Skin Airpod, Cases for Air pods 3D Honeybee","21.99",0,4,36,"144.00","https://www.amazon.com/Gemfits-Compatible-Character-Designer-Honeybee/dp/B07WWBQM63/ref=sr_1_20?keywords=Airpod+Case&qid=1571311743&sr=8-20",false,false,,"B07WWBQM63"
"Catalyst Airpods Case Protective Silicon Cover, Compatible with Airpods Charging Case for Airpods 2, LED Light Visible, Compatible with Wireless Charging, Carabiner, Waterproof - Slate Gray","24.99",0,4.5,2773,"12478.50","https://www.amazon.com/Catalyst-Premium-Quality-Waterproof-Resistant/dp/B06XKK18ZR/ref=sr_1_21?keywords=Airpod+Case&qid=1571311743&sr=8-21",false,false,,"B06XKK18ZR"
"Airpod Case, Filoto Airpods Silicone Case Cover Skin, Air Pods Protective Glitter Case with Shiny Ball Keychain, Scratch Proof and Drop Proof for Apple Airpods 2&1 (Glittery Rose Gold)","13.99",2.9999999999999982,4.5,340,"1530.00","https://www.amazon.com/Filoto-Silicone-Protective-Keychain-Glittery/dp/B07NW5GG8Y/ref=sr_1_22?keywords=Airpod+Case&qid=1571311743&sr=8-22",false,true,"16.99","B07NW5GG8Y"
"Maxjoy AirPods Case Cover, 5 in 1 Cute Marble Protective Cover Hard Case Kits with Keychain/Strap/Earhooks/Watch Band Holder Compatible with Apple AirPods Charging Case 2&1 for Girls Women Men,White","12.68",0,3.9,130,"507.00","https://www.amazon.com/Maxjoy-Protective-Keychain-Earhooks-Compatible/dp/B07SR1Q1N2/ref=sr_1_23?keywords=Airpod+Case&qid=1571311743&sr=8-23",false,false,,"B07SR1Q1N2"
"Coralogo Compatible with Airpods 1/2 Cute Case,Cartoon Character Silicone Airpod Designer Skin Kawaii Funny Fun Cool Keychain Design Cover Kids Teens Air pods Cases for Girls Boys(3D Blue Champin)","10.99",0,4.4,74,"325.60","https://www.amazon.com/Coralogo-Compatible-Character-Silicone-Designer/dp/B07TF5SK5J/ref=sr_1_24?keywords=Airpod+Case&qid=1571311743&sr=8-24",false,false,,"B07TF5SK5J"
"DamonLight Premium Silicone Airpods Case with Keychain [Front LED Visible][with no Hinge] Full Protective Cover Skin Compatible with Apple Airpods 1&2 (Pink+Ice Blue)","8.98",0,4.6,271,"1246.60","https://www.amazon.com/DamonLight-Silicone-Carabiner-Protective-Compatible/dp/B07MZHFBVQ/ref=sr_1_25?keywords=Airpod+Case&qid=1571311743&sr=8-25",false,false,,"B07MZHFBVQ"
"Coffea Airpods Case, AirPods Accessories Shockproof Case Cover Portable & Protective Silicone Skin Cover Case for Airpods 2 & 1 (Front LED Not Visible) - Navy","5.99",12.999999999999998,4.4,1499,"6595.60","https://www.amazon.com/Coffea-Accessories-Shockproof-Portable-Protective/dp/B07CQ2NGB2/ref=sr_1_26?keywords=Airpod+Case&qid=1571311743&smid=A10KUDIR6IDB7W&sr=8-26",false,true,"18.99","B07CQ2NGB2"
"ULAK AirPods case,Textured Woven Soft TPU Skin Airpod Case Cover, Portable Protective Shockproof Premium AirPod Accessories with Keychain for 2019 Apple AirPod Charging case 2 & 1[LED Visible](Black)","8.99",0,4.4,18,"79.20","https://www.amazon.com/gp/slredirect/picassoRedirect.html/ref=pa_sp_mtf_aps_sr_pg2_1?ie=UTF8&adId=A060208115D3ZX5SSH93D&url=%2FULAK-AirPods-Protective-Shockproof-Accessories%2Fdp%2FB07R8V9XDW%2Fref%3Dsr_1_27_sspa%3Fkeywords%3DAirpod%2BCase%26qid%3D1571311743%26sr%3D8-27-spons%26psc%3D1&qualifier=1571311743&id=8842203360931725&widgetName=sp_mtf",false,false,,"B07R8V9XDW"
"Bqmte Silicone Case Compatible for AirPods, [Front LED Visible] Cute Glittery Accessories Protective Case Cover with Keychain for AirPods 2 & 1 (Gold)","7.99",0,4.1,46,"188.60","https://www.amazon.com/gp/slredirect/picassoRedirect.html/ref=pa_sp_mtf_aps_sr_pg2_2?ie=UTF8&adId=A074743633LJPJBKW39RH&url=%2FBqmte-Compatible-AirPods-Accessories-Protective%2Fdp%2FB07R72X2S5%2Fref%3Dsr_1_28_sspa%3Fkeywords%3DAirpod%2BCase%26qid%3D1571311743%26sr%3D8-28-spons%26psc%3D1&qualifier=1571311743&id=8842203360931725&widgetName=sp_mtf",false,false,,"B07R72X2S5"
"for Airpods Case, CTYBB Silicone Airpods Case Cover with Fur Ball Keychain Compatible with Apple Airpods 2/1 (Front LED Visible) (Light Purple)","6.99",0,4.8,267,"1281.60","https://www.amazon.com/Airpods-CTYBB-Silicone-Keychain-Compatible/dp/B07VVB347J/ref=sr_1_29?keywords=Airpod+Case&qid=1571311743&sr=8-29",false,false,,"B07VVB347J"
"AirPods Case Cover 5 in 1 with Crystal from Swarovski for Apple AirPods 2 & 1, Clear Full Protective Hard Cute Cases for Girls Lemon Design with Keychain/Strap/Earhooks/Watch Band Holder by KINGXBAR","11.99",0,4.5,340,"1530.00","https://www.amazon.com/Swarovski-Protective-Keychain-Earhooks-KINGXBAR/dp/B07QPMN59J/ref=sr_1_30?keywords=Airpod+Case&qid=1571311743&sr=8-30",false,false,,"B07QPMN59J"
"AirPods Case,BRG Soft Cute Silicone Cover for Apple Airpods 2 & 1 Cases with Pom Pom Fur Ball Keychain/Strap/Earbuds Accessories (Front LED Visible)","11.99",0,4.8,908,"4358.40","https://www.amazon.com/AirPods-BRG-Silicone-Keychain-Accessories/dp/B07Y2S4245/ref=sr_1_31?keywords=Airpod+Case&qid=1571311743&sr=8-31",false,false,,"B07Y2S4245"
"for Airpods Case, CTYBB Silicone Airpods Case Cover with Fur Ball Keychain Compatible with Apple Airpods 2/1 (Front LED Visible)","10.99",0,4.8,34,"163.20","https://www.amazon.com/Airpods-CTYBB-Silicone-Keychain-Compatible/dp/B07Y1QX2BN/ref=sr_1_32?keywords=Airpod+Case&qid=1571311743&sr=8-32",false,false,,"B07Y1QX2BN"
"LEWOTE Airpods Silicone Case Cover Compatible for Apple Airpods 1&2[Funny Design][Best Gift for Girls or Couples](Smile Avocado)",,0,4.6,88,"404.80","https://www.amazon.com/LEWOTE-Airpods-Silicone-Case-Compatible/dp/B07T6YJL14/ref=sr_1_33?keywords=Airpod+Case&qid=1571311743&sr=8-33",false,false,,"B07T6YJL14"
"AKXOMY for Cute AirPods Case, Airpods Case Pearl Milk Tea, Airpods Accessories Kits Protective Silicone Cover and Skin for Apple Airpods Charging Case/Airpods Staps/Airpods Clips/Airpod Case (6#)","8.68",0,4.8,84,"403.20","https://www.amazon.com/AKXOMY-Accessories-Protective-Silicone-Charging/dp/B07RS9Q7GD/ref=sr_1_34?keywords=Airpod+Case&qid=1571311743&sr=8-34",false,false,,"B07RS9Q7GD"
"Airpod Case - 2019 Upgrade OULUOQI for Cute Airpods Case Cover with Pom Pom Keychain Compatible with Apple Airpods 2 &1 (Front LED Visible)","6.99",0,4.8,174,"835.20","https://www.amazon.com/Airpod-Case-Upgrade-Keychain-Compatible/dp/B07T492GJK/ref=sr_1_35?keywords=Airpod+Case&qid=1571311743&sr=8-35",false,false,,"B07T492GJK"
"Metal Airpods Case, Full Protective Skin Cover Accessories Kits Compatible with Airpods 1&2 Charging Case[Not for Wireless Charging Case]","12.95",0,4.4,1541,"6780.40","https://www.amazon.com/Protective-Accessories-Compatible-Charging-Wireless/dp/B07HVQ93G6/ref=sr_1_36?keywords=Airpod+Case&qid=1571311743&sr=8-36",false,false,,"B07HVQ93G6"
"GAZE Dust Guard for AirPods ChargingCase, Chromium Plating Finish Shiny Metal Sticker, Protects Apple Airpods 1, Airpods 2 from Iron, Metal Shavings (for Airpods 1 Charging Case, Rose Gold)","7.49",2.41,2.6,16,"41.60","https://www.amazon.com/gp/slredirect/picassoRedirect.html/ref=pa_sp_btf_aps_sr_pg2_1?ie=UTF8&adId=A06291843JGQVZ6ZKGQE9&url=%2FGAZE-ChargingCase-Chromium-Protects-Shavings%2Fdp%2FB07TT4TNMH%2Fref%3Dsr_1_37_sspa%3Fkeywords%3DAirpod%2BCase%26qid%3D1571311743%26sr%3D8-37-spons%26psc%3D1&qualifier=1571311743&id=8842203360931725&widgetName=sp_btf",false,true,"9.90","B07TT4TNMH"
"Coffea AirPods Case, Airpods Silicone Case Cover Shockproof Protective Cover Skin with Keychain for Apple Airpods Charging Case (RoyalBlue)","7.68",5.3100000000000005,3.7,19,"70.30","https://www.amazon.com/gp/slredirect/picassoRedirect.html/ref=pa_sp_btf_aps_sr_pg2_2?ie=UTF8&adId=A09282871175ZI9ZGN3B&url=%2FCoffea-Silicone-Shockproof-Protective-RoyalBlue%2Fdp%2FB07PMN627X%2Fref%3Dsr_1_38_sspa%3Fkeywords%3DAirpod%2BCase%26qid%3D1571311743%26sr%3D8-38-spons%26psc%3D1&qualifier=1571311743&id=8842203360931725&widgetName=sp_btf",false,true,"12.99","B07PMN627X"
"JETech Case for Apple AirPods (1st & 2nd Generation), Portable Silicone Protective Cover (Front LED Visible) with Carabiner, Black","6.97",0,3.8,21,"79.80","https://www.amazon.com/gp/slredirect/picassoRedirect.html/ref=pa_sp_atf_next_aps_sr_pg3_1?ie=UTF8&adId=A04215111T5AJ60R6UQ0Q&url=%2FJETech-Generation-Portable-Protective-Carabiner%2Fdp%2FB07QPV9ZSS%2Fref%3Dsr_1_33_sspa%3Fkeywords%3DAirpod%2BCase%26qid%3D1571311745%26sr%3D8-33-spons%26psc%3D1&qualifier=1571311745&id=1336602069054003&widgetName=sp_atf_next",false,false,,"B07QPV9ZSS"
"Trackeroo Airpods Portable Case (Glow)","14.95",0,5,2,"10.00","https://www.amazon.com/gp/slredirect/picassoRedirect.html/ref=pa_sp_atf_next_aps_sr_pg3_2?ie=UTF8&adId=A047069128FSQ8APSEKEC&url=%2FTrackeroo-Airpods-Portable-Case-Glow%2Fdp%2FB07T373JDR%2Fref%3Dsr_1_34_sspa%3Fkeywords%3DAirpod%2BCase%26qid%3D1571311745%26sr%3D8-34-spons%26psc%3D1&qualifier=1571311745&id=1336602069054003&widgetName=sp_atf_next",false,false,,"B07T373JDR"
"i-Blason Cosmo Series Case Designed for Airpods, 360° Protective Stylish AirPods Case Cover Compatiable with Apple AirPods 1st/2nd (Marble)","17.99",0,5,3,"15.00","https://www.amazon.com/i-Blason-Designed-Airpods-Protective-Compatiable/dp/B07Y84ZPV9/ref=sr_1_35?keywords=Airpod+Case&qid=1571311745&sr=8-35",false,false,,"B07Y84ZPV9"
"GEAK AirPods Case, (Front LED Visible), Anti-Dust Shockproof Protective Silicone Case Cover with Keychain Compatible for Apple AirPods 1 & 2 Wireless Charging Case, Turquoise","6.99",0,4.2,18,"75.60","https://www.amazon.com/GEAK-Anti-Dust-Shockproof-Protective-Compatible/dp/B07W6LQ5CD/ref=sr_1_36?keywords=Airpod+Case&qid=1571311745&sr=8-36",false,false,,"B07W6LQ5CD"
"Hamile AirPods Case Protective Cover, [Front LED Visible] Shock Proof Soft Silicone Case Cover Skin Compatible for Apple AirPods 2 & 1, with Carabiner (Plum)","4.99",3,4.5,39,"175.50","https://www.amazon.com/Hamile-Protective-Silicone-Compatible-Carabiner/dp/B07TB2VSZ7/ref=sr_1_37?keywords=Airpod+Case&qid=1571311745&sr=8-37",false,true,"7.99","B07TB2VSZ7"
"TOROTOP Airpods Case, 7 in 1 Silicone Protective Airpod 1& 2 Charging Case Cover Accessories Set with Bling Elephant Keychain/Strap/Ear Hook/Storage Box Compatible for Apple Airpods Women(Burgundy)","10.99",0,4.6,115,"529.00","https://www.amazon.com/TOROTOP-Silicone-Protective-Accessories-Compatible/dp/B07NJMS4YM/ref=sr_1_38?keywords=Airpod+Case&qid=1571311745&sr=8-38",false,false,,"B07NJMS4YM"
"AirPods Case Protective Silicone Cover and OSMspace Skin for Apple Airpods Charging Case (Black)","7.37",5.62,4.6,69,"317.40","https://www.amazon.com/AirPods-Protective-Silicone-OSMspace-Charging/dp/B07SHPYKBJ/ref=sr_1_39?keywords=Airpod+Case&qid=1571311745&sr=8-39",false,true,"12.99","B07SHPYKBJ"
"Queenxbar Airpods Case Cover, Clear Hard PC Airpods Cover Sparkle Crystals from Swarovski with AirPods Strap/Ear Hook/Watch Band Holder/Heart-Shaped Carabiner for Airpods 1 & 2(Front LED Visible)","12.99",0,4.6,108,"496.80","https://www.amazon.com/Queenxbar-Crystals-Swarovski-Heart-Shaped-Carabiner/dp/B07TF6PSBY/ref=sr_1_40?keywords=Airpod+Case&qid=1571311745&sr=8-40",false,false,,"B07TF6PSBY"
"Eevee AirPods Case Protective Cover Soft Silicone Shockproof for Apple AirPods 2 & 1, Pokémon Go Eevee Bag Pendant Decor Keychain Airpod Case (Eevee)","13.75",0,5,2,"10.00","https://www.amazon.com/AirPods-Protective-Silicone-Shockproof-Keychain/dp/B07XX2NW9Q/ref=sr_1_41?keywords=Airpod+Case&qid=1571311745&sr=8-41",false,false,,"B07XX2NW9Q"
"UnnFiko Game Boy Shape AirPods Case, 3D Cartoon Soft Silicone Protective Mini Bag Cute Retro Creative Airpods 1 & 2 Stand Cover with Finger Loop (Game Grey, Airpods 1 & 2)","8.87",0,3.7,29,"107.30","https://www.amazon.com/UnnFiko-AirPods-Silicone-Protective-Creative-Airpods/dp/B07SCYTXWY/ref=sr_1_42?keywords=Airpod+Case&qid=1571311745&sr=8-42",false,false,,"B07SCYTXWY"
"Airpods Case - CAGOS 3 in 1 Cute Airpods Accessories Protective Hard Case Cover Portable & Shockproof Women Girls Men with Keychain/Strap/Earhooks for Airpods 2/1 Charging Case (Sunflowers)","10.99",0,4.3,38,"163.40","https://www.amazon.com/gp/slredirect/picassoRedirect.html/ref=pa_sp_mtf_aps_sr_pg3_1?ie=UTF8&adId=A02299283052J2NGP664C&url=%2FAirpods-Case-Accessories-Protective-Shockproof%2Fdp%2FB07TYB27S9%2Fref%3Dsr_1_43_sspa%3Fkeywords%3DAirpod%2BCase%26qid%3D1571311745%26sr%3D8-43-spons%26psc%3D1&qualifier=1571311745&id=1336602069054003&widgetName=sp_mtf",false,false,,"B07TYB27S9"
"Bqmte Avocado Silicone Case Compatible for Airpods 1&2, Cute 3D Funny Character Soft Kawaii Fun Cool Keychain Cover Skin for AirPods Wireless Charging (Avocado)","7.99",0,4.5,20,"90.00","https://www.amazon.com/gp/slredirect/picassoRedirect.html/ref=pa_sp_mtf_aps_sr_pg3_2?ie=UTF8&adId=A05461912H1AMQ631WSH8&url=%2FBqmte-Compatible-Airpods-Character-AirPods%2Fdp%2FB07VHPPTLC%2Fref%3Dsr_1_44_sspa%3Fkeywords%3DAirpod%2BCase%26qid%3D1571311745%26sr%3D8-44-spons%26psc%3D1&qualifier=1571311745&id=1336602069054003&widgetName=sp_mtf",false,false,,"B07VHPPTLC"
"Compatible with AirPod Case Cover, (2 Pack) Cover for Airpods Case(Sky Blue&Purple)","7.99",0,4.9,454,"2224.60","https://www.amazon.com/Compatible-AirPod-Case-Airpods-Purple/dp/B07Y2SMQ31/ref=sr_1_45?keywords=Airpod+Case&qid=1571311745&sr=8-45",false,false,,"B07Y2SMQ31"
"AirPods Case, Coffea Protective Silicone Cover Skin with Keychain for AirPods 2 Wireless Charging Case [Front LED Visible] (Black)","7.99",8.999999999999998,4.6,123,"565.80","https://www.amazon.com/Coffea-Protective-Silicone-Keychain-Wireless/dp/B07T2Y7ZXS/ref=sr_1_46?keywords=Airpod+Case&qid=1571311745&sr=8-46",false,true,"16.99","B07T2Y7ZXS"
"LKDEPO Airpods Silicone Case Cover and Skin Kits with Keychain Compatible for Airpods 1&2 [3D Classic Logo Pattern] [Stylish Designer Designed for Girl and Woman]","11.99",0,0,0,0,"https://www.amazon.com/LKDEPO-Silicone-Keychain-Compatible-Designer/dp/B07YCKDY9Z/ref=sr_1_47?keywords=Airpod+Case&qid=1571311745&sr=8-47",false,false,,"B07YCKDY9Z"
"Apple Airpods 1&2 Silicone Case, Azlanlan Cute Poison Starbucks Box Pizza McDonald's Box Rabbit Cartoon Character Soft Silicone Case Cartoon Kawaii Airpod Case (F9)","8.77",0,3.1,3,"9.30","https://www.amazon.com/Silicone-Azlanlan-Starbucks-McDonalds-Character/dp/B07X13HFHC/ref=sr_1_48?keywords=Airpod+Case&qid=1571311745&sr=8-48",false,false,,"B07X13HFHC"
"EnPro AirPods Case, Upgrade Luminescent Protective Silicone Cover Shockproof Protective Premium Silicone Cover Skin Soft Silicone Chargeable Headphone Case Compatible with Apple Airpods 2 and 1","7.99",0,5,11,"55.00","https://www.amazon.com/EnPro-Luminescent-Protective-Shockproof-Chargeable/dp/B07X56KFK6/ref=sr_1_49?keywords=Airpod+Case&qid=1571311745&sr=8-49",false,false,,"B07X56KFK6"
"Airpods Case - CAGOS 3 in 1 TPU Hard Airpods Accessories Protective Case Cover Portable & Shockproof Cover Case Portable for Airpods 2 & 1 Charging Case (Nopal)","13.99",0,4.3,38,"163.40","https://www.amazon.com/Airpods-Case-Accessories-Protective-Shockproof/dp/B07YCBT28B/ref=sr_1_50?keywords=Airpod+Case&qid=1571311745&sr=8-50",false,false,,"B07YCBT28B"
"Airpods Accessories Set, Filoto Airpods Waterproof Silicone Case Cover with Keychain/Strap/Earhooks/Accessories Storage Travel Box for Apple Airpods 2&1, Best Gift for Your Airpod (Black)",,0,4.3,949,"4080.70","https://www.amazon.com/Accessories-Filoto-Waterproof-Silicone-Keychain/dp/B078RDFV9T/ref=sr_1_51?keywords=Airpod+Case&qid=1571311745&sr=8-51",false,false,,"B078RDFV9T"
"AirSha Compatible for AirPods Case with Keychain, Shockproof Protective Silicone Cover Skin for AirPods Charging Case 2 & 1 (Black)","6.99",0,4.4,63,"277.20","https://www.amazon.com/AirSha-Compatible-Keychain-Shockproof-Protective/dp/B07H7KF82R/ref=sr_1_52?keywords=Airpod+Case&qid=1571311745&sr=8-52",false,false,,"B07H7KF82R"
"ULAK AirPods Case, Cute Stripe Protective Hard PC with PU Leather Upgrade Skin, Portable Shockproof AirPod Accessories with Keychain for 2019 Apple AirPod 2 & 1 Charging Case[LED Visible](Pink Stripe)","10.99",0,3.5,53,"185.50","https://www.amazon.com/gp/slredirect/picassoRedirect.html/ref=pa_sp_btf_aps_sr_pg3_1?ie=UTF8&adId=A0594465JBBJ8V5OQGJ2&url=%2FULAK-Protective-Portable-Shockproof-Accessories%2Fdp%2FB07WVVZN3Y%2Fref%3Dsr_1_53_sspa%3Fkeywords%3DAirpod%2BCase%26qid%3D1571311745%26sr%3D8-53-spons%26psc%3D1&qualifier=1571311745&id=1336602069054003&widgetName=sp_btf",false,false,,"B07WVVZN3Y"
"AirPods Case,Libra Gemini Compatible for AirPods Case Cover Bling Glitter Leather Fabric Protective Cover and Keychain for AirPods Charging Case2 & 1(Silver)","9.99",0,3.1,21,"65.10","https://www.amazon.com/gp/slredirect/picassoRedirect.html/ref=pa_sp_btf_aps_sr_pg3_2?ie=UTF8&adId=A02340402UP93EH927SGT&url=%2FLibra-Gemini-Compatible-Protective-Keychain%2Fdp%2FB07Q4NZ3MR%2Fref%3Dsr_1_54_sspa%3Fkeywords%3DAirpod%2BCase%26qid%3D1571311745%26sr%3D8-54-spons%26psc%3D1&qualifier=1571311745&id=1336602069054003&widgetName=sp_btf",false,false,,"B07Q4NZ3MR"
"EYEKOP AirPods Case, Premium Ultra-Thin Soft Skin Cover Compatible with Apple AirPods 2 & 1 - Mint Green","6.05",0,4.4,206,"906.40","https://www.amazon.com/gp/slredirect/picassoRedirect.html/ref=pa_sp_atf_next_aps_sr_pg4_1?ie=UTF8&adId=A03908401WLBYNQG5QWC4&url=%2FEYEKOP-AirPods-Premium-Ultra-Thin-Compatible%2Fdp%2FB07QQWPB6Z%2Fref%3Dsr_1_49_sspa%3Fkeywords%3DAirpod%2BCase%26qid%3D1571311747%26sr%3D8-49-spons%26psc%3D1&qualifier=1571311747&id=1610403436153821&widgetName=sp_atf_next",false,false,,"B07QQWPB6Z"
"Trackeroo Airpods Portable Case (Blue)","14.95",0,5,2,"10.00","https://www.amazon.com/gp/slredirect/picassoRedirect.html/ref=pa_sp_atf_next_aps_sr_pg4_2?ie=UTF8&adId=A075001817S56DRQ330XI&url=%2FTrackeroo-Airpods-Portable-Case-Blue%2Fdp%2FB07SZ345LN%2Fref%3Dsr_1_50_sspa%3Fkeywords%3DAirpod%2BCase%26qid%3D1571311747%26sr%3D8-50-spons%26psc%3D1&qualifier=1571311747&id=1610403436153821&widgetName=sp_atf_next",false,false,,"B07SZ345LN"
"Mulafnxal Compatible with Airpods 1&2 Case,Cute 3D Funny Cartoon Character Silicone Airpod Cover,Kawaii Fun Cool Catalyst Design Skin Kits,Fashion Cases for Girls Kids Teens Boys Air pods(Honey Winnie","10.99",4,4.2,77,"323.40","https://www.amazon.com/Mulafnxal-Compatible-Character-Silicone-Catalyst/dp/B07QYJK2HP/ref=sr_1_51?keywords=Airpod+Case&qid=1571311747&sr=8-51",false,true,"14.99","B07QYJK2HP"
"Awin Case for Airpods Case,AirPods 2 Case,Airpods Accessories,Airpods Skin,Cute Cartoon Pink Piglet Slicone Girls Kids Protective Cover Case Compatible for Airpods 1 & 2 Charging Case (Pink Piglet)","7.38",0,4.3,84,"361.20","https://www.amazon.com/Awin-Accessories-Protective-Compatible-Charging/dp/B07QGB59B3/ref=sr_1_52?keywords=Airpod+Case&qid=1571311747&sr=8-52",false,false,,"B07QGB59B3"
"REFLYING Upgrade Case Compatible for AirPods [1st and 2nd Gen], Soft TPU Plated Case Shockproof Protective Case Cover Compatible with Apple AirPods & AirPods 2019 [Front LED Visible] - Black","10.99",2,4.2,208,"873.60","https://www.amazon.com/REFLYING-Upgrade-Compatible-Shockproof-Protective/dp/B07Q358YVG/ref=sr_1_53?keywords=Airpod+Case&qid=1571311747&sr=8-53",false,true,"12.99","B07Q358YVG"
"BlossomingLove Compatible with AirPods Case Keychain Full Protective Premium PVC Soft Rubber Silicone Cover Fashion Dope Self-Design Yeezy 350 Box Skin for AirPods Charging Case (Yeezy Box)","18.99",0,4.4,17,"74.80","https://www.amazon.com/BlossomingLove-Compatible-Keychain-Protective-Self-Design/dp/B07W6LHKG3/ref=sr_1_54?keywords=Airpod+Case&qid=1571311747&sr=8-54",false,false,,"B07W6LHKG3"
"AirPods Case Soft Silicone Shockproof Cover for Apple Airpods 2 1, Bulbasaur Pokemon Go Mega 3D Cartoon Unique Design Skin Kits Cases with Carabiner Holder for Girls Teens Air Pods (Bulbasaur)","12.75",0,4,1,"4.00","https://www.amazon.com/AirPods-Silicone-Shockproof-Bulbasaur-Carabiner/dp/B07WJFH9G5/ref=sr_1_55?keywords=Airpod+Case&qid=1571311747&sr=8-55",false,false,,"B07WJFH9G5"
"Togepi AirPod Case Protective Cover Soft Silicone Shockproof for Apple AirPods 2 & 1, Pokémon Go Togepi Bag Pendant Decor Keychain Airpods Case (Togepi)","12.75",0,5,1,"5.00","https://www.amazon.com/Protective-Silicone-Shockproof-AirPods-Keychain/dp/B07XX46WBZ/ref=sr_1_56?keywords=Airpod+Case&qid=1571311747&sr=8-56",false,false,,"B07XX46WBZ"
"Pothunter-Y Premium Silicone Airpods Case Protective Cover Skin with Carabiner Compatible with Apple Airpods 1 & Airpods 2 (Pink)","4.99",0,4.6,318,"1462.80","https://www.amazon.com/Pothunter-Y-Silicone-Protective-Carabiner-Compatible/dp/B07QPYL454/ref=sr_1_57?keywords=Airpod+Case&qid=1571311747&sr=8-57",false,false,,"B07QPYL454"
"AirPods Case Protective Silicone Cover and Skin for Apple Airpods Charging Case","8.88",0,4.1,28,"114.80","https://www.amazon.com/AirPods-Protective-Silicone-Airpods-Charging/dp/B07RC8M7RM/ref=sr_1_58?keywords=Airpod+Case&qid=1571311747&sr=8-58",false,false,,"B07RC8M7RM"
"Airpods Case - TOROTOP 4 in 1 Airpods Accessories Kits Protective Hybrid Hard PC+ Silicone Shockproof Skin Cover Case Women Girls Men with Keychain/Lanyard/Strap for Airpod 2/1 Charging Case White","8.99",0,5,1,"5.00","https://www.amazon.com/gp/slredirect/picassoRedirect.html/ref=pa_sp_mtf_aps_sr_pg4_1?ie=UTF8&adId=A0008088RUKZXFZFWOKH&url=%2FAirpods-Case-Accessories-Protective-Shockproof%2Fdp%2FB07XB5SBJY%2Fref%3Dsr_1_59_sspa%3Fkeywords%3DAirpod%2BCase%26qid%3D1571311747%26sr%3D8-59-spons%26psc%3D1&qualifier=1571311747&id=1610403436153821&widgetName=sp_mtf",false,false,,"B07XB5SBJY"
"AirPods Case Accessories Kit [Front LED Visible], GMYLE Silicone Heavy Duty Armor Protective Shockproof Airpod Cover Skin with Keychain, Ear Hook, Magnetic Strap Set for Apple AirPod 1 & 2 – Navy Blue","12.98",0,3.9,67,"261.30","https://www.amazon.com/gp/slredirect/picassoRedirect.html/ref=pa_sp_mtf_aps_sr_pg4_2?ie=UTF8&adId=A07947591A9PCZP471UTH&url=%2FAccessories-GMYLE-Silicone-Protective-Shockproof%2Fdp%2FB07SK731ML%2Fref%3Dsr_1_60_sspa%3Fkeywords%3DAirpod%2BCase%26qid%3D1571311747%26sr%3D8-60-spons%26psc%3D1%26smid%3DAWSTL9OR9CVRW&qualifier=1571311747&id=1610403436153821&widgetName=sp_mtf",false,false,,"B07SK731ML"
"Airpods Case, Cute Airpods Cover, JANDM Clear Smooth Shockproof Protective Girls Kids Flowers Case for Apple AirPods Charging Case 2 & 1 (Peach)",,0,3.8,28,"106.40","https://www.amazon.com/Airpods-JANDM-Shockproof-Protective-Charging/dp/B07S3M3H5R/ref=sr_1_61?keywords=Airpod+Case&qid=1571311747&sr=8-61",false,false,,"B07S3M3H5R"
"Airpods Case - BlUEWIND Drop Proof Air Pods Protective Case Cover Silicone Skin for Apple Airpods 2 & 1 Charging Case, Cute Fur Ball Airpods Keychain/Strap, Burgundy","8.54",0,4.5,1337,"6016.50","https://www.amazon.com/Airpods-Case-BlUEWIND-Protective-Silicone/dp/B07K8S4B5S/ref=sr_1_62?keywords=Airpod+Case&qid=1571311747&sr=8-62",false,false,,"B07K8S4B5S"
"AirPods Case Airpod Case Cover for Airpods 2&1 (Front LED Visible) Upgrade Skin Silicone Protective Case with Anti-Lost Buckle Headphone Case Compatible with AirPods 2&1 Accessories[Sky Blue]","6.99",2,4.9,214,"1048.60","https://www.amazon.com/Protective-Anti-Lost-Headphone-Compatible-Accessories/dp/B07YFXB2H9/ref=sr_1_63?keywords=Airpod+Case&qid=1571311747&sr=8-63",false,true,"8.99","B07YFXB2H9"
"Airpods Case, Music tracker Protective Thicken Airpods Cover Soft Silicone Chargeable Headphone Case with Anti-Lost Carabiner for Apple Airpods 1&2 Charging Case (Black)","7.89",5.090000000000001,4.4,92,"404.80","https://www.amazon.com/Music-tracker-Protective-Chargeable-Headphone/dp/B07S4DRNHZ/ref=sr_1_64?keywords=Airpod+Case&qid=1571311747&sr=8-64",false,true,"12.98","B07S4DRNHZ"
"Forky AirPod Case Protective Cover Soft Silicone Shockproof for Apple AirPods 2 & 1, Toy Story 4 Forky Bag Pendant Decor Keychain Airpods Case (Forky)","11.75",0,4.4,10,"44.00","https://www.amazon.com/Protective-Silicone-Shockproof-AirPods-Keychain/dp/B07XZJQZV6/ref=sr_1_65?keywords=Airpod+Case&qid=1571311747&sr=8-65",false,false,,"B07XZJQZV6"
"Airpods Case,New 3D Cute Cartoon Bulldog Case for Apple Airpods 1&2, Airpods Accessories Shockproof Protective Premium Silicone Cover and Skin for Apple Airpods Charging Case (Black)","9.99",0,4.3,14,"60.20","https://www.amazon.com/Accessories-Shockproof-Protective-Silicone-Charging/dp/B07VQN1WX7/ref=sr_1_66?keywords=Airpod+Case&qid=1571311747&sr=8-66",false,false,,"B07VQN1WX7"
"2019 Newest AirPods Case, 360°Marble AirPods Hard Protective Case Accessories Kit Compatiable with Apple AirPods 1st/2nd Charging Case Pink","9.99",0,3.8,43,"163.40","https://www.amazon.com/360%C2%B0Marble-Protective-Accessories-Compatiable-Charging/dp/B07RLZW2HK/ref=sr_1_67?keywords=Airpod+Case&qid=1571311747&sr=8-67",false,false,,"B07RLZW2HK"
"Airpods Case - Filoto Airpods Silicone Glittery Cute Case Cover with Keychain/Strap for Apple Airpods 1&2, with BFF (Burgundy+Pink)","15.99",9.99,4.7,91,"427.70","https://www.amazon.com/Airpods-Case-Silicone-Glittery-Keychain/dp/B07PHPN5S2/ref=sr_1_68?keywords=Airpod+Case&qid=1571311747&sr=8-68",false,true,"25.98","B07PHPN5S2"
"Airpods Case - CAGOS 3 in 1 Cute Marble Airpods Accessories Protective Hard Case Cover Portable & Shockproof Women Girls Men with Keychain/Strap/Earhooks for Airpods 2/1 Charging Case - White","10.99",0,4.3,38,"163.40","https://www.amazon.com/gp/slredirect/picassoRedirect.html/ref=pa_sp_btf_aps_sr_pg4_1?ie=UTF8&adId=A02297723LV3EQ0435CND&url=%2FAirpods-Case-Accessories-Protective-Shockproof%2Fdp%2FB07TYBLYV5%2Fref%3Dsr_1_69_sspa%3Fkeywords%3DAirpod%2BCase%26qid%3D1571311747%26sr%3D8-69-spons%26psc%3D1&qualifier=1571311747&id=1610403436153821&widgetName=sp_btf",false,false,,"B07TYBLYV5"
"Airpod Case - 2019 Upgrade OULUOQI for Cute Airpods Case Cover with Pom Pom Keychain Compatible with Apple Airpods 2 &1 (Front LED Visible)","6.99",0,4.8,174,"835.20","https://www.amazon.com/gp/slredirect/picassoRedirect.html/ref=pa_sp_btf_aps_sr_pg4_2?ie=UTF8&adId=A07664923VR2HR1J4RMOQ&url=%2FAirpod-Case-Upgrade-Keychain-Compatible%2Fdp%2FB07T492GJK%2Fref%3Dsr_1_70_sspa%3Fkeywords%3DAirpod%2BCase%26qid%3D1571311747%26sr%3D8-70-spons%26psc%3D1&qualifier=1571311747&id=1610403436153821&widgetName=sp_btf",false,false,,"B07T492GJK"
"Airpods Disney Cases Covers","9.99",0,0,0,0,"https://www.amazon.com/gp/slredirect/picassoRedirect.html/ref=pa_sp_atf_next_aps_sr_pg5_1?ie=UTF8&adId=A026918539V44RJBUB1MC&url=%2FTinzone-Airpods-Disney-Cases-Covers%2Fdp%2FB07Y7NV9FR%2Fref%3Dsr_1_65_sspa%3Fkeywords%3DAirpod%2BCase%26qid%3D1571311749%26sr%3D8-65-spons%26psc%3D1&qualifier=1571311749&id=4523588680912432&widgetName=sp_atf_next",false,false,,"B07Y7NV9FR"
"GOLINK Case for Airpods,Floral Series Protective Shockproof TPU Gel Case with Printing for Airpods 1st/2nd Charging Case(Marigold Flower)","9.99",0,4.7,8,"37.60","https://www.amazon.com/gp/slredirect/picassoRedirect.html/ref=pa_sp_atf_next_aps_sr_pg5_2?ie=UTF8&adId=A0631420U5VP67VFOSIH&url=%2FGOLINK-Protective-Shockproof-Printing-Charging%2Fdp%2FB07WCF15QX%2Fref%3Dsr_1_66_sspa%3Fkeywords%3DAirpod%2BCase%26qid%3D1571311749%26sr%3D8-66-spons%26psc%3D1&qualifier=1571311749&id=4523588680912432&widgetName=sp_atf_next",false,false,,"B07WCF15QX"
"Banana AirPod Case Protective Cover Soft Silicone Shockproof for Apple AirPods 2 & 1, Big Banana Musa Nana Bag Pendant Decor Keychain Airpods Case (Banana)","11.73",0,0,0,0,"https://www.amazon.com/Protective-Silicone-Shockproof-AirPods-Keychain/dp/B07XXF1D8Q/ref=sr_1_67?keywords=Airpod+Case&qid=1571311749&sr=8-67",false,false,,"B07XXF1D8Q"
"Ownest Compatible with AirPods Case with Girls Cute Clear Smooth PC Shockproof No Dust Cover Case for Apple Airpods 2 &1,Cute for Airpods-(Blue Flowers-3)","9.99",0,4,32,"128.00","https://www.amazon.com/Ownest-Compatible-Shockproof-Airpods-Flowers-3/dp/B07V5VHYYJ/ref=sr_1_68?keywords=Airpod+Case&qid=1571311749&sr=8-68",false,false,,"B07V5VHYYJ"
"AirPods Case Cover with Keychain, Full Protective Silicone AirPods Accessories Skin Cover for Women Girl with Apple AirPods Wireless Charging Case,Front LED Visible-Black","6.99",0,4.3,38,"163.40","https://www.amazon.com/Keychain-Protective-Silicone-Accessories-Visible-Black/dp/B07V6DDFBY/ref=sr_1_69?keywords=Airpod+Case&qid=1571311749&sr=8-69",false,false,,"B07V6DDFBY"
"Mulafnxal Compatible with Airpods 1&2 Case,Cute 3D Luxury Funny Cartoon Character Silicone Airpod Cover,Fun Cool Design Skin,Fashion Stylish Cases for Kids Teens Boys Men Air pods(White Flying Man)","11.99",0,4.6,9,"41.40","https://www.amazon.com/Mulafnxal-Compatible-Airpods-Character-Silicone/dp/B07X3FW9YC/ref=sr_1_70?keywords=Airpod+Case&qid=1571311749&sr=8-70",false,false,,"B07X3FW9YC"
"Bqmte Newest 2019 AirPods Case [Front LED Visible] Soft Silicone Protective AirPods Accessories Cover Compatible for AirPods 2 Wireless Charging Case (Pink)","5.59",0,4.4,35,"154.00","https://www.amazon.com/Bqmte-AirPods-Protective-Accessories-Compatible/dp/B07SPDY2GF/ref=sr_1_71?keywords=Airpod+Case&qid=1571311749&sr=8-71",false,false,,"B07SPDY2GF"
"Airpods Case Keychain, BLUEWIND AirPod Charging Protective Case, Portable Carrying Earpods Case with Strap, Keychain, Soft Fluffy Ball, Compatible with Apple AirPods 1&2 Bluetooth Earphone, Mint Green","7.99",0,4.7,333,"1565.10","https://www.amazon.com/Keychain-BLUEWIND-Protective-Compatible-Bluetooth/dp/B07J293HC8/ref=sr_1_72?keywords=Airpod+Case&qid=1571311749&sr=8-72",false,false,,"B07J293HC8"
"ZAHIUS Airpods Silicone Case Cool Cover Compatible for Apple Airpods 1&2 [Cartoon Series][Designed for Kids Girl and Boys]","10.99",0,4.1,19,"77.90","https://www.amazon.com/ZAHIUS-Airpods-Silicone-Compatible-Designed/dp/B07V3BSLJM/ref=sr_1_73?keywords=Airpod+Case&qid=1571311749&sr=8-73",false,false,,"B07V3BSLJM"
"New Luxury airpods case Cover,Compatible Apple Airpod 1&2,Elegant epidermis Airpods case Cover,Fashion Airpod case,Full Protection Shockproof Airpods case,with Wrist Strap and Keychain,","21.99",0,3.7,46,"170.20","https://www.amazon.com/Compatible-epidermis-Protection-Shockproof-Keychain/dp/B07X7WXBY6/ref=sr_1_74?keywords=Airpod+Case&qid=1571311749&sr=8-74",false,false,,"B07X7WXBY6"
"Xmifer AirPods Case, Cute Airpods Case Keychain Drop Proof (Silicone Skin for AirPods Charging Case 2/1) with Fluffy Fur Ball Keychain and Airpods Anti-Lost Strap for Airpods 2/1(Pink)","7.99",0,4.6,297,"1366.20","https://www.amazon.com/gp/slredirect/picassoRedirect.html/ref=pa_sp_mtf_aps_sr_pg5_1?ie=UTF8&adId=A00872822HZ6YEXH2Z53X&url=%2FODUMDUM-Silicone-Keychain-Anti-Lost-Wireless%2Fdp%2FB07JRGHK4C%2Fref%3Dsr_1_75_sspa%3Fkeywords%3DAirpod%2BCase%26qid%3D1571311749%26sr%3D8-75-spons%26psc%3D1%26smid%3DA1Y6D8SZ7QYF1W&qualifier=1571311749&id=4523588680912432&widgetName=sp_mtf",false,false,,"B07JRGHK4C"
"Trackeroo Airpods Portable Case (Red)","14.95",0,5,2,"10.00","https://www.amazon.com/gp/slredirect/picassoRedirect.html/ref=pa_sp_mtf_aps_sr_pg5_2?ie=UTF8&adId=A0172431KPGPV3IYIRNQ&url=%2FTrackeroo-Airpods-Portable-Case-Red%2Fdp%2FB07T25ZBB8%2Fref%3Dsr_1_76_sspa%3Fkeywords%3DAirpod%2BCase%26qid%3D1571311749%26sr%3D8-76-spons%26psc%3D1&qualifier=1571311749&id=4523588680912432&widgetName=sp_mtf",false,false,,"B07T25ZBB8"
"Gift-Hero Compatible with Airpods 1&2 Case,Luxury Leather Shockproof Airpod Cover Stylish Designer Fashion Fun Cool Chic Keychain Design Skin Protective Cases for Girls Man Woman Air pods(Red Bag)","16.99",3,4.7,5,"23.50","https://www.amazon.com/Gift-Hero-Compatible-Shockproof-Designer-Protective/dp/B07WDMNFLW/ref=sr_1_77?keywords=Airpod+Case&qid=1571311749&sr=8-77",false,true,"19.99","B07WDMNFLW"
"Zhang Fu Li NFL-American Football Collection - AirPods Soft TPU Case Shockproof Protective Case Cover Compatible with Apple AirPods & AirPods 2019 (Pittsburgh Steelers)","12.99",0,3.8,6,"22.80","https://www.amazon.com/Zhang-Fu-Li-NFL-American-Collection/dp/B07XPB42JK/ref=sr_1_78?keywords=Airpod+Case&qid=1571311749&sr=8-78",false,false,,"B07XPB42JK"